<?xml version="1.0" encoding="UTF-8"?>
<project-private xmlns="http://www.netbeans.org/ns/project-private/1">
    <editor-bookmarks xmlns="http://www.netbeans.org/ns/editor-bookmarks/2" lastBookmarkId="0"/>
    <open-files xmlns="http://www.netbeans.org/ns/projectui-open-files/2">
        <group>
            <file>file:/C:/Aulas/ESINF-Java/Praticas/TP1&amp;PL1/PL1_Recursion_Initial/PL1_Recursion/src/esinf/Labirinth.java</file>
            <file>file:/C:/Aulas/ESINF-Java/Praticas/TP1&amp;PL1/PL1_Recursion_Initial/PL1_Recursion/test/esinf/LabirinthTest.java</file>
        </group>
    </open-files>
</project-private>
